tic_id,sector,candidate_id,period_days,duration_days,depth_fraction,depth_ppm,snr,local_snr,sde,n_transits,n_full_transits,n_in_transit_points,fit_period_days,fit_period_err_days,fit_epoch_err_days,fit_duration_days,fit_duration_err_days,fit_depth_fraction,fit_depth_err_fraction,fit_depth_ppm,fit_depth_err_ppm,fit_rp_over_rstar,fit_rp_earth,fit_stellar_radius_rsun,fit_snr,fit_n_in_transit_points,fit_n_events,fit_n_good_events,fit_event_depth_scatter_ppm,vet_odd_depth_ppm,vet_even_depth_ppm,vet_odd_even_sigma,vet_odd_even_depth_diff_ppm,vet_secondary_depth_ppm,vet_secondary_sigma,vet_secondary_phase,vet_secondary_to_primary_ratio,vet_centroid_shift_pix,vet_centroid_shift_sigma,vet_crowdsap,vet_flfrcsap,vet_crowding_risk,vet_corrected_depth_ppm,vet_v_shape_score,vet_transit_asymmetry,vet_out_of_transit_rms_ppm,vet_red_noise_proxy,vet_harmonic_risk,vet_data_quality_score,class_confidence,class_planet_score,class_eb_score,class_blend_score,class_stellar_variability_score,class_systematic_score,ai_prob_PLANETARY_TRANSIT_CANDIDATE,ai_prob_ECLIPSING_BINARY,ai_prob_BLEND_OR_CONTAMINATED_SIGNAL,ai_prob_STELLAR_VARIABILITY,ai_prob_INSTRUMENTAL_OR_LOW_QUALITY_SYSTEMATIC,ai_prob_NO_SIGNIFICANT_SIGNAL,ai_prob_UNCERTAIN_TRANSIT_LIKE_SIGNAL,ai_predicted_class,ai_confidence,final_prob_PLANETARY_TRANSIT_CANDIDATE,final_prob_ECLIPSING_BINARY,final_prob_BLEND_OR_CONTAMINATED_SIGNAL,final_prob_STELLAR_VARIABILITY,final_prob_INSTRUMENTAL_OR_LOW_QUALITY_SYSTEMATIC,final_prob_NO_SIGNIFICANT_SIGNAL,final_prob_UNCERTAIN_TRANSIT_LIKE_SIGNAL,final_predicted_class,final_confidence,final_classifier_warnings,final_classifier_method
880400025,24,1,2.921122633303261,0.20816482736723546,0.005515323429520474,5515.323429520474,6.169053098779184,5.6874324495655335,6.038371361714739,3,2,28,2.919109399383165,6.0014363366205145e-05,0.002426152133401316,0.23689776890930442,0.03319408953246135,0.005515323429520474,0.0008940307922802482,5680.86601067682,894.0307922802482,0.07426522355396552,8.109762412093035,1.0,5.6874324495655335,28,3,2,265.68180502694696,5409.012417204901,5616.355157326632,2.4895819679887126,823.8509854655902,59.62990335417522,2.7540310958552485,0.47252466405263704,0.010811678429411655,0.003940624351333423,1.8576879773683654,0.8394961889127983,0.9441518445038801,0.1605038110872017,6569.8016290737105,0.21447802447847944,0.013036968909196617,675.802592379002,0.582947599350582,0.16731838926482134,0.2814737636741489,0.4960271889372412,0.087757156406508,0.4467097330762893,0.12691870217878157,0.4960271889372412,0.40857752981804646,0.0,0.003435934144595562,0.00947819765193984,0.04397363245517857,0.8935326892901535,0.010627276658603114,0.03895226979952967,INSTRUMENTAL_OR_LOW_QUALITY_SYSTEMATIC,0.8935326892901535,0.008408794325637252,0.04447437809089571,0.01677114061613977,0.06891632413226267,0.4737387355004663,0.3566728034964628,0.031017823838135495,INSTRUMENTAL_OR_LOW_QUALITY_SYSTEMATIC,0.4737387355004663,blended_ai_with_rule_based_scores;guardrail_low_data_quality;guardrail_low_snr,supervised_ai_plus_physical_guardrails
880300026,68,1,4.09726762885909,0.8660192649215459,0.00031435972496665545,314.35972496665545,4.040462236991489,2.5039096505066283,4.202960025936013,6,6,96,4.098905868739028,0.0006337644446519418,0.008807215853874657,0.7834564037206654,0.07814383841634467,0.00031435972496665545,7.780291128292448e-05,301.6296465198141,77.80291128292448,0.017730192468404155,1.9361370175497337,,2.5039096505066283,96,6,5,15.066470774598322,315.48583996232577,333.7007634758395,1.773419848035961,35.46839696071922,1.1294987118417503,1.1405834408188749,0.5032429006593563,0.0035930134242277943,0.000975846205307107,2.635259172692337,0.8346480757201743,0.9514421439756054,0.1653519242798257,376.6374524920708,0.12880655139176328,0.03865323137844625,730.5154884361334,0.27118971621512167,0.0,0.9077075410131785,0.279684905526864,0.0,0.20946245298702915,0.1854840877728553,0.279684905526864,0.23189472619850396,0.0009472418929159372,0.0,0.009672581337085418,0.8095697143116557,0.04809394361445317,0.0880249493301681,0.043691569513721586,STELLAR_VARIABILITY,0.8095697143116557,0.00047873340818419837,0.03247477056715749,0.03364569341383586,0.4525162364771363,0.06025918418204087,0.3706246193578151,0.05000076259383017,STELLAR_VARIABILITY,0.4525162364771363,blended_ai_with_rule_based_scores;guardrail_low_snr,supervised_ai_plus_physical_guardrails
880200035,43,1,3.422846240735719,0.09657851506658754,0.0038787902508030025,3878.790250803003,19.359461479766697,20.101411798243745,10.178578767502568,7,7,224,3.429914538191481,0.000538695260009229,0.010957561917609143,0.09393658047784093,0.014482453380819755,0.0038787902508030025,0.00020035630923189018,3388.970039795868,200.3563092318902,0.062279934576097644,6.800968855709863,1.0,20.101411798243745,224,7,6,700.9946717121587,4313.408231741034,4076.7434578753696,0.9692497059234315,225.57097859576902,316.26281403105116,3.9038409982695153,0.5229043311794608,0.08153645687997106,0.02632499059734376,3.4731031130442616,0.6403771312260481,1.0,0.3596228687739519,6057.040549491172,0.6365244569691924,0.05117994346058358,566.1569329359021,0.1575380074178571,0.02672658131658775,0.7481280472519587,0.985667691180039,0.985667691180039,0.40431587824206444,0.5029851743013143,0.13384318213718438,0.0,0.022837942647155926,0.010278641407232378,0.9540884682325513,0.004564240670477616,0.005229819896857407,0.0,0.0030008871457253583,BLEND_OR_CONTAMINATED_SIGNAL,0.9540884682325513,0.1384924883304782,0.05749189000067977,0.777498287268361,0.019903124298905436,0.003922364922643056,0.0,0.0026918451789326027,BLEND_OR_CONTAMINATED_SIGNAL,0.777498287268361,blended_ai_with_rule_based_scores;guardrail_marginal_centroid_plus_crowding,supervised_ai_plus_physical_guardrails
880200010,20,1,6.560165343224312,0.18105510198404717,0.0013097402178558833,1309.7402178558834,9.21955246839697,8.641193684796663,7.024322257021247,5,4,210,6.570050226123137,0.0008564586299801589,0.012685842664035451,0.19409544456025604,0.03175907075607009,0.0013097402178558833,0.00014206114910083175,1452.334768808577,142.06114910083176,0.03619033321006983,,1.0,8.641193684796663,210,5,4,101.49312478518175,1316.9428962575766,1422.8243763051037,1.31912582839918,103.66272899201188,60.17836568202355,1.1860692360627836,0.4418684778856081,0.04594679529696266,0.05288400685193268,8.409051604078025,0.6856656361965123,0.9518268922536961,0.31433436380348767,1910.1733391820599,0.617926622392805,0.06877645351514461,261.18184646262546,0.22102545273105195,0.1408791386212397,0.8450808162000772,0.8107870672423039,0.0,0.3347666941825254,0.8107870672423039,0.13769798746571166,0.0,0.0,0.0,0.8660354774861456,0.014224115036280812,0.01694965422421617,0.002323449788643754,0.1004673034647135,BLEND_OR_CONTAMINATED_SIGNAL,0.8660354774861456,0.0,0.06177955165876408,0.8053954610961566,0.03588957154404422,0.012485830407926527,0.0017115511407242415,0.08273803415238436,BLEND_OR_CONTAMINATED_SIGNAL,0.8053954610961566,blended_ai_with_rule_based_scores;guardrail_significant_centroid_shift,supervised_ai_plus_physical_guardrails
880500044,31,1,4.323138007810813,0.09937386654415566,0.0006405763283984558,640.5763283984559,3.493109588888328,2.495833352734596,3.765714916424636,0,0,51,4.322749220722635,0.00029116840849446017,0.00984727336118701,0.09687255408518045,0.017524241396909324,0.0006405763283984558,0.00018338283185736449,657.4645859965303,183.3828318573645,0.02530960940825551,,,2.495833352734596,51,0,0,105.52377693681535,622.5947088551093,599.84618958766,1.0230215573546235,39.319403584961705,9.86797559052367,0.7017017913371904,0.5169229160622377,0.015404839599982099,0.002474138976302016,0.03210116041119182,0.8653279223967189,1.0,0.13467207760328115,740.270031532366,0.3298782867919694,0.06768669964174155,330.62356921117964,0.1739382243438714,0.06188424046530991,0.4615846868539914,0.35047965002588005,0.0,0.10929753998667487,0.09898006608292217,0.20659440904634443,0.35047965002588005,0.0022144522144522147,0.0,0.0021212121212121214,0.0030678998420933905,0.04627455899220037,0.9332375895757941,0.013084287254247729,NO_SIGNIFICANT_SIGNAL,0.9332375895757941,0.0016608391608391611,0.029452894027880355,0.02826350755532391,0.05797283878865692,0.12915122873967358,0.6999281921818457,0.05357049954578049,NO_SIGNIFICANT_SIGNAL,0.6999281921818457,blended_ai_with_rule_based_scores;guardrail_low_snr,supervised_ai_plus_physical_guardrails
880300041,41,1,2.8218654283833216,0.3947514119465535,0.0017407521626953912,1740.7521626953912,10.76869555742301,10.102422236337068,5.4530951820555895,8,8,520,2.821722440629669,0.0005431354233058015,0.011597369679109204,0.42035513287678095,0.05796062353537893,0.0017407521626953912,0.0001616493059361741,1743.7795447812096,161.64930593617413,0.04172232211533044,4.556077574994084,1.0,10.102422236337068,520,8,8,274.25763811108874,1547.8028246881886,1963.9545886899964,0.1717953576872704,17.94318842610865,18.706989481748167,2.0454372880981984,0.5089064632947763,0.010746497912018762,0.001567297948766595,0.2744684063631425,0.8767145504757737,0.9152272981993139,0.12328544952422626,1985.540403944161,0.21887122431329525,0.13677106455712792,228.2880010512263,0.18,0.21580020994198645,0.5896405808030575,0.4322088668720123,0.4322088668720123,0.14983326378283585,0.0,0.13444419908324845,0.05390885150955194,0.049439360841783596,0.001526094440402463,0.013803109393571133,0.9169044334329216,0.003241106719367589,0.004545454545454545,0.010540440626499146,STELLAR_VARIABILITY,0.9169044334329216,0.15551329051710533,0.04220184578284169,0.01035233204517835,0.7245186922146297,0.017202920581525,0.003409090909090909,0.046801827949629005,STELLAR_VARIABILITY,0.7245186922146297,blended_ai_with_rule_based_scores,supervised_ai_plus_physical_guardrails
880400039,4,1,11.806169961540132,0.05170404737076022,0.0024951916302373193,2495.1916302373193,5.953211804203808,5.274512429755382,2.6961017446045017,1,0,37,11.815518090304778,0.005385344577412744,0.006913741340593511,0.0478213334420861,0.0019034355051146142,0.0024951916302373193,0.000419133689897504,2559.4351679078363,419.13368989750404,0.04995189315969235,5.454746733038404,1.0,5.274512429755382,37,1,1,213.32089831843592,2332.934371553967,2793.5954122100297,1.0690660628591027,160.0514815330078,12.887773085967789,2.532907499854118,0.5187192305005783,0.005165043409808979,0.001235935985576721,4.589478898732559,0.5713270311031342,1.0,0.4286729688968658,4367.361413688993,0.5157218456171137,0.023105940668189502,437.9913317715272,0.6455517781946801,0.07947300757532726,0.28034643100986284,0.6482005997761968,0.0,0.24272104529174632,0.6482005997761968,0.4143313364695557,0.3832242904757141,0.002836363636363637,0.0,0.02712989414096411,0.0,0.9343890316120111,0.005881591210176802,0.029763119400484317,INSTRUMENTAL_OR_LOW_QUALITY_SYSTEMATIC,0.9343890316120111,0.0010207550214526085,0.016390733911290974,0.3118973676660748,0.027979422546648827,0.362148190938684,0.26391315725590947,0.016650372659939364,UNCERTAIN_TRANSIT_LIKE_SIGNAL,0.45,blended_ai_with_rule_based_scores;guardrail_marginal_centroid_plus_crowding;guardrail_low_data_quality;guardrail_low_snr;low_ai_margin_downgraded_to_uncertain,supervised_ai_plus_physical_guardrails
880400023,34,1,3.252809125089188,0.19263996179627543,0.001338861330687426,1338.861330687426,3.816685790950889,3.1791011660201973,3.990515569559469,2,2,69,3.2543027619566454,0.00033625735439638454,0.00877136036263028,0.17101902399786711,0.010952094643598713,0.001338861330687426,0.00035079160403032867,1216.210597386381,350.7916040303287,0.03659045409239172,,1.0,3.1791011660201973,69,2,2,129.50444672774094,1323.9819860094694,1336.6136689317839,3.0076686518142006,241.61107520608903,20.700782233403192,3.364235400588629,0.4207238544959734,0.015461483395576573,0.0004804500487912548,3.951139153467982,0.5797717170196551,0.9153812782070136,0.42022828298034487,2309.2905213967806,0.45428479459911375,0.18600266817724198,144.518032740237,0.23209442162801863,0.18935360547302943,0.5331270158498294,0.4870871552263102,0.0,0.4870871552263102,0.44148706741964483,0.13628909042211007,0.4648343441824397,0.0,0.0,0.02807875960835971,0.011850071173532083,0.6938615614417364,0.07451025658603429,0.19169935119033749,INSTRUMENTAL_OR_LOW_QUALITY_SYSTEMATIC,0.6938615614417364,0.0,0.26636697717436303,0.24047018772685552,0.010890967676881557,0.21845381859160923,0.2034747742304162,0.060343274599874513,UNCERTAIN_TRANSIT_LIKE_SIGNAL,0.45,blended_ai_with_rule_based_scores;guardrail_odd_even_depth_mismatch;guardrail_marginal_centroid_plus_crowding;guardrail_low_snr;low_ai_margin_downgraded_to_uncertain,supervised_ai_plus_physical_guardrails
880200011,63,1,2.088391278651179,0.08906368546575627,0.0022649722681948063,2264.9722681948065,16.83524303394515,17.03998323363968,12.913283093005592,11,11,561,2.0871985213209894,0.000334862107201346,0.012539179616612986,0.09169574978030025,0.0074395264469184355,0.0022649722681948063,0.00013453754505521,2480.9601702360283,134.53754505521002,0.04759172478692915,5.1970163467326635,1.0,17.03998323363968,561,11,11,432.8579608507242,2053.246896997982,2504.062852057525,0.8553077693887406,116.23490270622338,31.48956564399487,2.9904933342917834,0.5296602639290848,0.013902848209745279,0.012229462303073925,3.8541581692707023,0.4309168876778908,0.9234058694271091,0.5690831123221092,5256.169653503733,0.7025476734368613,0.040013493231789085,291.58802325802657,0.11336577129405845,0.10149982491521856,0.7510083778677908,0.7713209269845377,0.7713209269845377,0.39044855210845886,0.7147612594350857,0.11746932600352104,0.011696226681622441,0.021792735292790914,0.0,0.9530496615739188,0.0009675967596759676,0.007794885885887869,0.0,0.01639512048772639,BLEND_OR_CONTAMINATED_SIGNAL,0.9530496615739188,0.10982140657668096,0.04731869894273759,0.8014096005687474,0.014961877066775237,0.0072636372828002865,0.0,0.019224779562258484,BLEND_OR_CONTAMINATED_SIGNAL,0.8014096005687474,blended_ai_with_rule_based_scores;guardrail_marginal_centroid_plus_crowding,supervised_ai_plus_physical_guardrails
880300021,30,1,5.142692663191059,0.7069030605706382,0.006951180931641624,6951.180931641624,7.665137383861856,8.38731419944482,6.484814535610275,5,4,125,5.151633251497601,0.000892532717875876,0.0046985054717863795,0.732435611485835,0.01884354561834991,0.006951180931641624,0.0009068566659061594,7460.341491756346,906.8566659061594,0.08337374245913172,,1.0,8.38731419944482,125,5,5,742.7803423466931,6960.250705701536,7262.702994346345,1.6923150692685014,705.8152943897388,285.28878420652666,0.2180945094774781,0.5375878887663803,0.041041772184046935,0.00016953091804345672,0.7330801954051822,0.8632733759626879,0.977290974326955,0.13672662403731206,8052.120133891474,0.4241770679838833,0.15187272457546408,548.8911663389571,0.3534349088697831,0.0,0.8603944100786072,0.3659336737841505,0.20752740589887192,0.24255023473889026,0.0,0.3659336737841505,0.0,0.013739424156090823,0.0,0.004545454545454545,0.9251851896623319,0.015088869646458317,0.0,0.04144106198966441,STELLAR_VARIABILITY,0.9251851896623319,0.06354250177597524,0.06222249659051698,0.003409090909090909,0.7877634943220725,0.011316652234843738,0.0,0.07174576416750061,STELLAR_VARIABILITY,0.7877634943220725,blended_ai_with_rule_based_scores,supervised_ai_plus_physical_guardrails
880600001,4,1,9.712160809653906,0.1311435470453417,0.0004252480309824032,425.24803098240324,6.308500852907617,5.870014143263753,6.152783253313745,2,1,98,9.717295395405868,0.0003717399293379421,0.00341943894323756,0.13817141988863313,0.008774935547701784,0.0004252480309824032,6.740873004501607e-05,472.1929810238395,67.40873004501609,0.020621542885594257,2.251872483106893,,5.870014143263753,98,2,2,42.59118075030402,419.65179307559987,440.5197855224229,0.0,0.0,45.18191038303674,2.001196824515041,0.44264686836318257,0.10624837057718525,0.0014362073722925394,2.4908670751843762,0.8624222210029071,1.0,0.1375777789970929,493.08566109055505,0.33396008071468497,0.10438961835175693,514.6669193859927,0.32451289393040295,0.04536214285148207,0.6197398664455561,0.24918295179703906,0.07805962247854215,0.11602925771340658,0.2350356873715755,0.24918295179703906,0.10486955289315458,0.014326247966563998,0.0,0.011734225592257166,0.02678163658277654,0.02226229840115185,0.0256370523415978,0.8992585391156528,UNCERTAIN_TRANSIT_LIKE_SIGNAL,0.8992585391156528,0.02014988401345949,0.01951779721071333,0.045285567436937145,0.055037802555010604,0.02854795993052792,0.35929578296483133,0.4721652058885202,UNCERTAIN_TRANSIT_LIKE_SIGNAL,0.4721652058885202,blended_ai_with_rule_based_scores;guardrail_low_snr,supervised_ai_plus_physical_guardrails
880100035,23,1,12.005715386697041,0.21978420584277963,0.023411663244168397,23411.663244168398,29.71579736301061,30.34007213274957,14.046992261829276,2,2,84,12.001543085950013,0.0019533274427980434,0.0069852346088328,0.20197009703687482,0.012803649268649409,0.023411663244168397,0.0007878524327706777,24465.038501947492,787.8524327706778,0.1530087031647821,16.708550385594204,1.0,30.34007213274957,84,2,2,3649.717056523318,21375.450985409414,32024.732858023963,7.83506125218993,11005.90893202218,4194.645148444597,9.636491112518568,0.4788422785718971,0.17916903659074457,0.0014820774458706091,1.6946112441680712,0.9719206611068725,0.9446334655232136,0.028079338893127526,24088.03946765162,0.10029932413787168,0.022255547150172916,871.3608264654466,0.14977840090865968,0.23346488226837198,0.8259056031658878,1.0,1.0,1.0,0.07572126750430683,0.2870302932642079,0.0,0.0,1.0,0.0,0.0,0.0,0.0,0.0,ECLIPSING_BINARY,1.0,0.1058088392157,0.8558088392157,0.00801197941857221,0.030370342150027797,0.0,0.0,0.0,ECLIPSING_BINARY,0.8558088392157,blended_ai_with_rule_based_scores;guardrail_strong_secondary_eclipse;guardrail_odd_even_depth_mismatch,supervised_ai_plus_physical_guardrails
880100001,25,1,7.644063840499489,0.10167734395551964,0.0362008670916988,36200.8670916988,17.369654392986966,18.12039595789862,7.9161326957492175,2,2,34,7.652296108247791,0.0008389999059054448,0.012699707119724919,0.10031455376506862,0.012878551568388574,0.0362008670916988,0.0020841443515603264,36253.73728803378,2084.1443515603264,0.19026525455715448,20.77696579764127,1.0,18.12039595789862,34,2,1,5011.716791787743,31929.162387936034,43210.602500095476,5.175610921152567,11241.696184499333,3984.9142893404423,2.716277537759951,0.5714649399943144,0.11007786855619878,0.004634579179328558,1.8924019866359536,0.8303765908219451,0.9062687862613203,0.16962340917805485,43595.722099855324,0.16716106682134244,0.11404802734015074,1203.910629277255,0.16880161655761727,0.21218595829757828,0.7423944734501555,1.0,0.7946832868814789,1.0,0.2120892528008601,0.15148199228422488,0.0,0.0032844179202092872,0.9837212370576848,0.0013494318181818182,0.004042580982236155,0.007602332221687788,0.0,0.0,ECLIPSING_BINARY,0.9837212370576848,0.09451493143877382,0.8536252727684156,0.0255792935380934,0.020578753088451324,0.005701749166265841,0.0,0.0,ECLIPSING_BINARY,0.8536252727684156,blended_ai_with_rule_based_scores;guardrail_odd_even_depth_mismatch,supervised_ai_plus_physical_guardrails
880400026,24,1,9.82911675845209,0.1320491505278089,0.0012763735109997613,1276.3735109997613,7.785747503146583,7.396753866965812,9.875727838474582,3,3,53,9.823825742353366,0.0030390752713628584,0.012274977245753266,0.12255512830308138,0.0034372914465442463,0.0012763735109997613,0.00016393718271545788,1395.8122383722477,163.93718271545788,0.035726369966731314,3.9013196003670596,,7.396753866965812,53,3,2,241.14473814299794,1307.2697867048166,1429.1974746877377,1.3979844044977328,107.06101576150088,44.968937078685975,1.5747046345472775,0.4193581547065365,0.035231800637622594,0.0027712442704941487,0.4077397232829536,0.2431354709925817,0.8100307439784415,0.7568645290074183,5249.639247572826,0.7980874445207703,0.02308509524777575,357.5265204045893,0.532524850750554,0.13384748066994195,0.10330512454768956,0.46954949233568183,0.08087896765337389,0.17814626978854722,0.353329940739463,0.38099934557080595,0.46954949233568183,0.009468414625572514,0.0,0.006566844760505564,0.009704450701500058,0.8803980917280391,0.005974025974025974,0.08788817221035694,INSTRUMENTAL_OR_LOW_QUALITY_SYSTEMATIC,0.8803980917280391,0.019774160232145926,0.027913571219969097,0.060288069188874624,0.06697676662626194,0.7338718364887498,0.004480519480519481,0.08669507676347926,INSTRUMENTAL_OR_LOW_QUALITY_SYSTEMATIC,0.7338718364887498,blended_ai_with_rule_based_scores;guardrail_low_data_quality,supervised_ai_plus_physical_guardrails
880600011,4,1,11.668590287700773,0.21266596177887817,0.0020057026453661887,2005.7026453661888,7.520985019380815,8.837454537567892,6.079200686251762,3,2,123,11.671166808211384,0.002006412438307153,0.014166661389680878,0.22518202381588362,0.0335713972333293,0.0020057026453661887,0.00026668084568679456,2129.085461507201,266.68084568679456,0.044785071679815235,4.890529827435824,,8.837454537567892,123,3,3,234.7169743536022,2201.5136303575264,2210.671651120744,0.0,0.0,138.5455278361151,1.4434568716410028,0.4877001859749532,0.06907580650411932,0.0014210297097577743,0.7331009402779745,0.8316033871144706,0.8340578875097442,0.16839661288552943,2411.8500194253093,0.4697737798253696,0.06571868357336616,397.5083432711758,0.10807470304021966,0.13151436003678485,0.830297747078846,0.2091506829388279,0.15693734771861856,0.2091506829388279,0.08728074560140503,0.01027120851872955,0.0,0.09241918080085415,0.0,0.029756822156490267,0.07443095070205208,0.0342132642411494,0.01617353618028198,0.7530062459191721,UNCERTAIN_TRANSIT_LIKE_SIGNAL,0.7530062459191721,0.12863879725925192,0.07906174912289983,0.05531090315622254,0.05970586690883261,0.02565994818086205,0.012130152135211484,0.6394925832367195,UNCERTAIN_TRANSIT_LIKE_SIGNAL,0.6394925832367195,blended_ai_with_rule_based_scores,supervised_ai_plus_physical_guardrails
880600042,2,1,6.039064366774649,0.052270280453592166,0.0012307407304585872,1230.7407304585872,8.258722426384958,8.88850428278202,5.927212723300834,4,4,188,6.028145132457811,0.0005519036747088752,0.008422828250496098,0.05646876125453695,0.006173657531606908,0.0012307407304585872,0.00014902313783141783,1334.6107402439459,149.02313783141784,0.0350819145780071,,1.0,8.88850428278202,188,4,4,176.23321464579155,1451.3363131725375,1385.6927410765616,0.3444859073983402,25.438370238247344,88.61793574327183,1.886915981360954,0.590403527818641,0.07200374014618971,0.0009946392827507582,1.1640090921585982,0.6028375543176355,0.9185916393735434,0.3971624456823645,2041.5793967110899,0.5093119811260851,0.1612893537187176,327.24437308898905,0.04605695945975816,0.124570195478693,0.8772436518016878,0.3335552113598472,0.22504698311773821,0.3335552113598472,0.2585550526531613,0.0,0.0,0.03659273773545573,0.004451909228131202,0.03327562643097748,0.020879206360589563,0.026601320765867124,0.008465933799158627,0.8697332656798203,UNCERTAIN_TRANSIT_LIKE_SIGNAL,0.8697332656798203,0.08463458222145066,0.08810359714684488,0.09066198160349838,0.01565940477044217,0.01995099057440034,0.00634945034936897,0.6946399933339946,UNCERTAIN_TRANSIT_LIKE_SIGNAL,0.6946399933339946,blended_ai_with_rule_based_scores,supervised_ai_plus_physical_guardrails
880200019,23,1,12.77545134130225,0.21896780408265207,0.0006676009324146197,667.6009324146197,10.459146213246736,9.583874072848001,12.108484342052712,1,1,26,12.779847630493329,0.00517312266832668,0.003264582142631911,0.21281205356187746,0.02640480539881116,0.0006676009324146197,6.382939092763505e-05,609.8140902873266,63.829390927635046,0.02583797461904899,,1.0,9.583874072848001,26,1,1,96.82798601241828,714.4869929613128,766.4750834080459,2.285923705464855,91.56508783182117,13.588368112816248,1.0883326648334661,0.5101186290692141,0.020354028062347082,0.054424639548070065,7.120786537906101,0.8460349544159179,0.9260523804923503,0.15396504558408208,789.0937944467262,0.6332547041527992,0.21229629841900066,481.5460180412687,0.23408704220844323,0.0,0.5587449418380561,0.7341109883760556,0.013780759330521267,0.25195655981105225,0.7341109883760556,0.19046765540527666,0.08500712583540426,0.04257231856765548,0.0025202377611768874,0.832766730106565,0.009053953602839995,0.03627734702476374,0.01722707631911372,0.05958233661788531,BLEND_OR_CONTAMINATED_SIGNAL,0.832766730106565,0.03258577166530237,0.04612877948019596,0.7745734345887705,0.039935805867428655,0.04066163709522214,0.01220454482233426,0.05391002648074611,BLEND_OR_CONTAMINATED_SIGNAL,0.7745734345887705,blended_ai_with_rule_based_scores;guardrail_significant_centroid_shift,supervised_ai_plus_physical_guardrails
880500006,45,1,6.909111294736442,0.09972185546847254,0.0001548745218365794,154.8745218365794,3.96695263348857,5.580639849166733,3.721184176976454,1,1,34,6.916231023024758,0.0016378956719355431,0.004338424378136143,0.10240747697443506,0.0025544704082873545,0.0001548745218365794,3.90411825261401e-05,167.25824332205306,39.04118252614009,0.012444859253385688,1.3589786304697171,1.0,5.580639849166733,34,1,1,0.9360320440683374,178.19044354934812,153.61445818445048,0.13403144044325288,2.6806288088650576,4.231896664772503,1.3915066236612388,0.5089694620480295,0.027324679453977062,0.001874784268203947,0.7537751525298683,0.9140189744358248,0.9050565665706841,0.0859810255641752,169.4434428258726,0.7437369568660177,0.10424394858678793,335.7388600110262,0.29361718297794237,0.04014513034522527,0.5167492304156782,0.4554643772145355,0.020598086317548114,0.19447341594229892,0.16078208470790145,0.22612662898286034,0.4554643772145355,0.012928300260515025,0.0,0.004883828689248097,0.008320642886186858,0.04679336264365757,0.8708639994554659,0.056209866064926645,NO_SIGNIFICANT_SIGNAL,0.8708639994554659,0.014010580375459367,0.04073326893199663,0.037339350454279274,0.05360364872606661,0.13049393743928378,0.6531479995915994,0.07067121448131501,NO_SIGNIFICANT_SIGNAL,0.6531479995915994,blended_ai_with_rule_based_scores;guardrail_low_snr,supervised_ai_plus_physical_guardrails
880500020,25,1,9.676985656058232,0.21584514306019137,0.0003529013780340197,352.90137803401973,3.3486541731590553,3.702169959763734,3.3367990374118013,0,0,33,9.676150392607134,0.004380883618639896,0.003585102941095265,0.23219872470140926,0.01849190717247197,0.0003529013780340197,0.00010538603265236535,354.76360015187424,105.38603265236536,0.018785669485914515,,1.0,3.702169959763734,33,0,0,51.7058070714053,358.7277896825804,407.48219308749515,0.7815643338400681,16.54890782606404,1.898252722473033,0.49912629404788655,0.5483753504612566,0.00537898926053511,0.0019088385682470435,1.342585134124114,0.9119163215963707,0.810063177044653,0.0880836784036293,386.98877262799965,0.7390973556916152,0.005995618486613188,260.03648391413446,0.2932242783132608,0.11747833006544389,0.8313295095272142,0.3809363084647954,0.0,0.04452645174372401,0.1404381824722392,0.2789674368215879,0.3809363084647954,0.007769041166170353,0.0,0.0009740259740259741,0.004791492602672011,0.022797212960403695,0.9592287194361677,0.004439507860560492,NO_SIGNIFICANT_SIGNAL,0.9592287194361677,0.005826780874627764,0.011135685229448019,0.035852909272719065,0.07336099241921983,0.11236682645202468,0.7194215395771256,0.04203526617483497,NO_SIGNIFICANT_SIGNAL,0.7194215395771256,blended_ai_with_rule_based_scores;guardrail_low_snr,supervised_ai_plus_physical_guardrails
880600033,23,1,2.1362607948409464,0.18459793657949908,0.0014283002166132197,1428.3002166132198,8.75116565707993,9.3977190847907,7.00909284023773,13,13,650,2.13876989181319,0.0007306099278126946,0.010684232120101939,0.1723158896799458,0.009769021379486134,0.0014283002166132197,0.00016321256762608376,1429.0813752650736,163.21256762608377,0.037792859333652166,,,9.3977190847907,650,13,12,256.29588880291897,1469.0577569383067,1619.738000356763,2.978253702602858,255.23042451340714,15.472895368095097,3.021662059190711,0.4932968162795699,0.010833083400900386,0.00170759289447279,2.677154245816275,0.49826063299857065,1.0,0.5017393670014294,2866.5724763716526,0.4841243753496595,0.06421922808548504,388.04730198500994,0.4503984429636413,0.2651925858719064,0.719076428071096,0.44169679497943637,0.2629115192588259,0.44169679497943637,0.4143999132000788,0.3547004012115715,0.011778494765488626,0.012103889867477733,0.0017045454545454545,0.05147085853812871,0.040161736885797945,0.07553477631792353,0.0030589064378394068,0.8159652864982871,UNCERTAIN_TRANSIT_LIKE_SIGNAL,0.8159652864982871,0.04952427724112454,0.06922913091741684,0.10235450806755535,0.08468848216041043,0.05846308819013166,0.0022941798283795554,0.6334463335949817,UNCERTAIN_TRANSIT_LIKE_SIGNAL,0.6334463335949817,blended_ai_with_rule_based_scores,supervised_ai_plus_physical_guardrails
880100032,60,1,10.822455696313973,0.10194443018592818,0.055888338250265346,55888.33825026535,29.5295197336,30.549541780434755,12.419856203125548,2,2,36,10.816234222076647,0.0036395717910818006,0.0032133174571856043,0.10060547730587924,0.014005671096009592,0.055888338250265346,0.0018926260485934389,53862.766955366744,1892.6260485934388,0.2364071450913981,25.815660243980673,1.0,30.549541780434755,36,2,1,9302.008514263185,57093.50837598677,57688.578352795805,3.5550976945493513,11921.310147942759,16171.724097481716,8.22802112614726,0.44923141917030585,0.28935775519153023,0.0018287535544225157,0.5743060088794715,0.9210848402135201,0.9661167056059996,0.0789151597864799,60676.64541879732,0.2193559371060123,0.07713678497261962,1398.8324561959196,0.1205143321004228,0.23700597710301474,0.7992064369660047,1.0,1.0,1.0,0.04151217418740541,0.22608924625132287,0.062070886452933224,0.0,1.0,0.0,0.0,0.0,0.0,0.0,ECLIPSING_BINARY,1.0,0.10731122967828881,0.8573112296782888,0.0044547224586697935,0.024261915032266906,0.006660903152485702,0.0,0.0,ECLIPSING_BINARY,0.8573112296782888,blended_ai_with_rule_based_scores;guardrail_strong_secondary_eclipse;guardrail_odd_even_depth_mismatch,supervised_ai_plus_physical_guardrails
880600008,36,1,7.183896052239529,0.19699544462478327,0.00017467458413420605,174.67458413420607,4.5,4.30867237380072,6.1840905107721404,4,4,132,7.185846341641231,0.002421326765274706,0.00408776157421156,0.18490227985849517,0.008012179674757995,0.00017467458413420605,3.881657425204579e-05,170.2005038492923,38.8165742520458,0.013216451268559425,1.4432364785266893,1.0,4.30867237380072,132,4,4,28.940692349114634,179.20942075702473,196.9960007162521,1.1323117181671594,22.646234363343186,13.183554390835504,4.531519282825835,0.5706323515534769,0.0754749436283547,0.0010149382600229833,0.0,0.9017002806789722,0.9823991344703988,0.09829971932102777,193.71690114444422,0.5819360785175065,0.097957935411799,351.67570867175783,0.3797310403727209,0.08014813641389851,0.6593060588619708,0.3950395097672093,0.0,0.3950395097672093,0.0,0.29003929176281107,0.23390515601713957,0.009623515790072947,0.000752005347593583,0.0,0.03722499473880998,0.06705420518998317,0.10167188008368276,0.7836733988498575,UNCERTAIN_TRANSIT_LIKE_SIGNAL,0.7836733988498575,0.004897476500081562,0.06299838911518939,0.0,0.06491670967125589,0.07119947553991766,0.3731986152536105,0.4227893339199451,UNCERTAIN_TRANSIT_LIKE_SIGNAL,0.45,blended_ai_with_rule_based_scores;guardrail_low_snr;low_ai_margin_downgraded_to_uncertain,supervised_ai_plus_physical_guardrails
880500012,61,1,6.6728103568492685,0.10852246221998087,0.0010685797201927996,1068.5797201927996,3.7928782484346812,3.6959070654682837,1.2262867303882417,2,2,44,6.669164511495111,0.001772928385628528,0.00219294678077174,0.11889766032112696,0.0167719509270169,0.0010685797201927996,0.00028173319843150825,1095.4131069584316,281.7331984315083,0.0326891376483504,3.569653831199864,1.0,3.6959070654682837,44,2,2,105.27435372799214,1271.594963202185,1133.034783070615,0.3160678318613427,20.264620519940305,41.28714312190986,0.17579081799306562,0.5264547531423499,0.03863740097412721,0.0004747795024057675,0.6271349840964295,1.0,0.8871977058427077,0.0,1068.5797201927996,0.4424434103553711,0.030371908319176084,228.0309230363726,0.16594015436135237,0.15513968742446113,0.8172053319419993,0.2936084412965003,0.0,0.09139649323401214,0.10845857997591324,0.15392207103432293,0.2936084412965003,0.008169731920537852,0.0,0.0014829142488716955,0.0182460802125004,0.08023790929135298,0.8097832890606705,0.08208007526606673,NO_SIGNIFICANT_SIGNAL,0.8097832890606705,0.006127298940403387,0.02773007468686923,0.034018968176253966,0.06038515418338078,0.1492604494262408,0.6073374667955028,0.11514058779134899,NO_SIGNIFICANT_SIGNAL,0.6073374667955028,blended_ai_with_rule_based_scores;guardrail_low_snr,supervised_ai_plus_physical_guardrails
880300036,39,1,11.673548502745842,1.5,0.006128267063287134,6128.267063287134,13.784023591382415,13.429279873665028,8.61613480593879,1,0,43,11.651008906194498,0.0037184950442893097,0.0006153398955802109,1.3787815934180172,0.10290807117506273,0.006128267063287134,0.00044459203241051064,5690.1375449649395,444.5920324105107,0.0782832489316018,8.548530783330916,1.0,13.429279873665028,43,1,1,794.0101495681108,6184.865942257926,5387.063043348731,0.004963174076520138,1.824939373349934,314.57443473417004,1.5650429501271168,0.3969480134643783,0.051331711148605824,1.6078987156128644e-05,1.1057246817407649,0.9635904705907763,0.8961094364830366,0.036409529409223707,6359.825309947181,0.18899669626103446,0.03140468232923973,334.62492277075944,0.4606796718143456,0.0,0.87252894709756,0.5097482091142596,0.5097482091142596,0.24406423850211836,0.035873579791465576,0.3998136423598854,0.027391531631176316,0.007029598308668076,0.006138016578600819,0.007575757575757575,0.9751803881617309,0.0018498942917547566,0.0,0.0022263450834879408,STELLAR_VARIABILITY,0.9751803881617309,0.10041323238484157,0.05015644133831114,0.012377377678017588,0.8060077861545277,0.006499863658569763,0.0,0.024545298785732216,STELLAR_VARIABILITY,0.8060077861545277,blended_ai_with_rule_based_scores,supervised_ai_plus_physical_guardrails
